{
  "merged_raw": {
    "melissa": {
      "LookupProperty": {
        "Version": "9.4.2.1086",
        "TransmissionResults": "",
        "TotalRecords": 1,
        "Records": [
          {
            "Results": "YS02,YS07,YC01,GS05",
            "Parcel": {
              "FIPSCode": "48439",
              "County": "Tarrant",
              "UnformattedAPN": "47465-2-20",
              "FormattedAPN": "47465220",
              "AlternateAPN": "",
              "APNYearChange": "",
              "PreviousAPN": "",
              "AccountNumber": "03586308",
              "YearAdded": "",
              "MapBook": "",
              "MapPage": "",
              "TaxJurisdiction": "FOREST HILL",
              "CBSAName": "Dallas-Fort Worth-Arlington, TX Metro Area",
              "CBSACode": "19100",
              "MSAName": "Dallas-Fort Worth-Arlington, TX",
              "MSACode": "19100",
              "MetropolitanDivision": "Fort Worth-Arlington-Grapevine, TX Metro Division",
              "MinorCivilDivisionCode": "91380",
              "NeighborhoodCode": "1E020A",
              "CensusTract": "111102",
              "CensusBlockGrp": "1",
              "CensusBlock": "1043"
            },
            "Legal": {
              "LegalDescription": "DIST:010 CITY/MUNI/TWP:FOREST HILL WOODBRIDGE ADDITION-FOREST HL BLOCK 2 LOT 20 MAP REF:MAP 2066-356",
              "Range": "",
              "Township": "",
              "Section": "",
              "Quarter": "",
              "QuarterQuarter": "",
              "Subdivision": "WOODBRIDGE ADDITION-FOREST HL",
              "Phase": "",
              "TractNumber": "",
              "Block1": "2",
              "Block2": "",
              "LotNumber1": "20",
              "LotNumber2": "",
              "LotNumber3": "",
              "Unit": ""
            },
            "PropertyAddress": {
              "Address": "3420 Anmar Ct",
              "City": "Forest Hill",
              "State": "TX",
              "Zip": "76140-2002",
              "CarrierRoute": "C007",
              "AddressKey": "76140200220",
              "MAK": "9358384656",
              "BaseMAK": "",
              "Latitude": "32.651326",
              "Longitude": "-97.268372",
              "PrivacyInfo": ""
            },
            "ParsedPropertyAddress": {
              "Range": "3420",
              "PreDirectional": "",
              "StreetName": "Anmar",
              "Suffix": "Ct",
              "PostDirectional": "",
              "SuiteName": "",
              "SuiteRange": ""
            },
            "PrimaryOwner": {
              "Name1Full": "Maria Lidia Zuniga",
              "Name1First": "Maria",
              "Name1Middle": "Lidia",
              "Name1Last": "Zuniga",
              "Name1Suffix": "",
              "TrustFlag": "",
              "CompanyFlag": "",
              "Name2Full": "Alfredo Zuniga",
              "Name2First": "Alfredo",
              "Name2Middle": "",
              "Name2Last": "Zuniga",
              "Name2Suffix": "",
              "Type": "",
              "VestingType": "",
              "MelissaIdentityKey1": "11360603928",
              "MelissaIdentityKey2": "11361396454"
            },
            "SecondaryOwner": {
              "Name3Full": "",
              "Name3First": "",
              "Name3Middle": "",
              "Name3Last": "",
              "Name3Suffix": "",
              "Name4Full": "",
              "Name4First": "",
              "Name4Middle": "",
              "Name4Last": "",
              "Name4Suffix": "",
              "Type": ""
            },
            "OwnerAddress": {
              "Address": "3420 Anmar Ct",
              "City": "Forest Hill",
              "State": "TX",
              "Zip": "76140-2002",
              "CarrierRoute": "C007",
              "MAK": "9358384656",
              "BaseMAK": "",
              "FormatInfo": "S",
              "PrivacyInfo": "",
              "OwnerOccupied": "1"
            },
            "LastDeedOwnerInfo": {
              "Name1Full": "",
              "Name1First": "",
              "Name1Middle": "",
              "Name1Last": "",
              "Name1Suffix": "",
              "Name2Full": "",
              "Name2First": "",
              "Name2Middle": "",
              "Name2Last": "",
              "Name2Suffix": "",
              "Name3Full": "",
              "Name3First": "",
              "Name3Middle": "",
              "Name3Last": "",
              "Name3Suffix": "",
              "Name4Full": "",
              "Name4First": "",
              "Name4Middle": "",
              "Name4Last": "",
              "Name4Suffix": ""
            },
            "CurrentDeed": {
              "MortgageAmount": "",
              "MortgageDate": "",
              "MortgageLoanTypeCode": "",
              "MortgageTermCode": "",
              "MortgageTerm": "",
              "MortgageDueDate": "",
              "LenderCode": "",
              "LenderName": "",
              "SecondMortgageAmount": "",
              "SecondMortgageLoanTypeCode": ""
            },
            "Tax": {
              "YearAssessed": "2024",
              "AssessedValueTotal": "175000",
              "AssessedValueImprovements": "129943",
              "AssessedValueLand": "45057",
              "AssessedImprovementsPerc": "74.00",
              "PreviousAssessedValue": "",
              "MarketValueYear": "2024",
              "MarketValueTotal": "175000",
              "MarketValueImprovements": "129943",
              "MarketValueLand": "45057",
              "MarketImprovementsPerc": "74.00",
              "TaxFiscalYear": "2023",
              "TaxRateArea": "224,225",
              "TaxBilledAmount": "3479.12",
              "TaxDelinquentYear": "",
              "LastTaxRollUpdate": "20240901",
              "AssrLastUpdated": "20240901",
              "TaxExemptionHomeowner": "",
              "TaxExemptionDisabled": "",
              "TaxExemptionSenior": "",
              "TaxExemptionVeteran": "",
              "TaxExemptionWidow": "",
              "TaxExemptionAdditional": ""
            },
            "PropertyUseInfo": {
              "YearBuilt": "1971",
              "YearBuiltEffective": "",
              "ZonedCodeLocal": "",
              "PropertyUseMuni": "A1",
              "PropertyUseGroup": "Residential",
              "PropertyUseStandardized": "385"
            },
            "SaleInfo": {
              "AssessorLastSaleDate": "20240530",
              "AssessorLastSaleAmount": "0",
              "AssessorPriorSaleDate": "",
              "AssessorPriorSaleAmount": "0",
              "LastOwnershipTransferDate": "20240604",
              "LastOwnershipTransferDocumentNumber": "D224097722",
              "LastOwnershipTransferTxID": "",
              "DeedLastSaleDocumentBook": "",
              "DeedLastSaleDocumentPage": "",
              "DeedLastDocumentNumber": "D224097722",
              "DeedLastSaleDate": "20240604",
              "DeedLastSalePrice": "0",
              "DeedLastSaleTxID": ""
            },
            "PropertySize": {
              "AreaBuilding": "1610",
              "AreaBuildingDefinitionCode": "",
              "AreaGross": "",
              "Area1stFloor": "0",
              "Area2ndFloor": "0",
              "AreaUpperFloors": "0",
              "AreaLotAcres": "0.2310",
              "AreaLotSF": "10054.00",
              "LotDepth": "0.0",
              "LotWidth": "0.0",
              "AtticArea": "0",
              "AtticFlag": "",
              "BasementArea": "0",
              "BasementAreaFinished": "0",
              "BasementAreaUnfinished": "0",
              "ParkingGarage": "999",
              "ParkingGarageArea": "456",
              "ParkingCarport": "",
              "ParkingCarportArea": "0"
            },
            "Pool": {
              "Pool": "",
              "PoolArea": "0",
              "SaunaFlag": ""
            },
            "IntStructInfo": {
              "Foundation": "",
              "Construction": "31",
              "InteriorStructure": "",
              "PlumbingFixturesCount": "0",
              "ConstructionFireResistanceClass": "",
              "SafetyFireSprinklersFlag": "",
              "FlooringMaterialPrimary": ""
            },
            "IntRoomInfo": {
              "BathCount": "2",
              "BathPartialCount": "0",
              "BedroomsCount": "3",
              "RoomsCount": "0",
              "StoriesCount": "1",
              "UnitsCount": "0",
              "BonusRoomFlag": "",
              "BreakfastNookFlag": "",
              "CellarFlag": "",
              "CellarWineFlag": "",
              "ExcerciseFlag": "",
              "FamilyCode": "",
              "GameFlag": "",
              "GreatFlag": "",
              "HobbyFlag": "",
              "LaundryFlag": "",
              "MediaFlag": "",
              "MudFlag": "",
              "OfficeArea": "0",
              "OfficeFlag": "",
              "SafeRoomFlag": "",
              "SittingFlag": "",
              "StormShelter": "",
              "StudyFlag": "",
              "SunroomFlag": "",
              "UtilityArea": "0",
              "UtilityCode": ""
            },
            "IntAmenities": {
              "Fireplace": "",
              "FireplaceCount": "0",
              "AccessabilityElevatorFlag": "",
              "AccessabilityHandicapFlag": "",
              "EscalatorFlag": "",
              "CentralVacuumFlag": "",
              "IntercomFlag": "",
              "SoundSystemFlag": "",
              "WetBarFlag": "",
              "SecurityAlarmFlag": ""
            },
            "ExtStructInfo": {
              "StructureStyle": "",
              "Exterior1Code": "",
              "RoofMaterial": "",
              "RoofConstruction": "",
              "StormShutterFlag": "",
              "OverheadDoorFlag": ""
            },
            "ExtAmenities": {
              "ViewDescription": "",
              "PorchCode": "P00",
              "PorchArea": "12",
              "PatioArea": "0",
              "DeckFlag": "",
              "DeckArea": "0",
              "FeatureBalconyFlag": "",
              "BalconyArea": "0",
              "BreezewayFlag": ""
            },
            "ExtBuildings": {
              "BuildingsCount": "0",
              "BathHouseArea": "0",
              "BathHouseFlag": "",
              "BoatAccessFlag": "",
              "BoatHouseArea": "0",
              "BoatHouseFlag": "",
              "CabinArea": "0",
              "CabinFlag": "",
              "CanopyArea": "0",
              "CanopyFlag": "",
              "GazeboArea": "0",
              "GazeboFlag": "",
              "GranaryArea": "0",
              "GranaryFlag": "",
              "GreenHouseArea": "0",
              "GreenHouseFlag": "",
              "GuestHouseArea": "0",
              "GuestHouseFlag": "",
              "KennelArea": "0",
              "KennelFlag": "",
              "LeanToArea": "0",
              "LeanToFlag": "",
              "LoadingPlatformArea": "0",
              "LoadingPlatformFlag": "",
              "MilkHouseArea": "0",
              "MilkHouseFlag": "",
              "OutdoorKitchenFireplaceFlag": "",
              "PoolHouseArea": "0",
              "PoolHouseFlag": "",
              "PoultryHouseArea": "0",
              "PoultryHouseFlag": "",
              "QuonsetArea": "0",
              "QuonsetFlag": "",
              "ShedArea": "0",
              "ShedCode": "",
              "SiloArea": "0",
              "SiloFlag": "",
              "StableArea": "0",
              "StableFlag": "",
              "StorageBuildingArea": "0",
              "StorageBuildingFlag": "",
              "UtilityBuildingArea": "0",
              "UtilityBuildingFlag": "",
              "PoleStructureArea": "0",
              "PoleStructureFlag": ""
            },
            "Utilities": {
              "HVACCoolingDetail": "",
              "HVACHeatingDetail": "108",
              "HVACHeatingFuel": "",
              "SewageUsage": "",
              "WaterSource": "",
              "MobileHomeHookupFlag": ""
            },
            "Parking": {
              "RVParkingFlag": "",
              "ParkingSpaceCount": "1",
              "DrivewayArea": "0",
              "DrivewayMaterial": ""
            },
            "YardGardenInfo": {
              "TopographyCode": "",
              "FenceCode": "",
              "FenceArea": "0",
              "CourtyardFlag": "",
              "CourtyardArea": "0",
              "ArborPergolaFlag": "",
              "SprinklersFlag": "",
              "GolfCourseGreenFlag": "",
              "TennisCourtFlag": "",
              "SportsCourtFlag": "",
              "ArenaFlag": "",
              "WaterFeatureFlag": "",
              "PondFlag": "",
              "BoatLiftFlag": ""
            },
            "EstimatedValue": {
              "EstimatedValue": "221000",
              "EstimatedMinValue": "198900",
              "EstimatedMaxValue": "243100",
              "ConfidenceScore": "90",
              "ValuationDate": "20250718"
            },
            "Shape": {
              "WellKnownText": "POLYGON ((-97.26822640599994 32.651109925000071, -97.268224698999973 32.651444014000049, -97.268491035999944 32.651445090000038, -97.268495923999978 32.651108667000074, -97.26822640599994 32.651109925000071))"
            },
            "AssociatedParcels": []
          }
        ]
      },
      "LookupDeeds": {
        "Version": "9.4.2.1086",
        "Results": "YS01",
        "TotalRecords": 3,
        "Records": [
          {
            "DocInfo": {
              "TypeCode": "DTVL",
              "NumberFormatted": "",
              "NumberLegacy": "",
              "InstrumentNumber": "D224097722",
              "Book": "",
              "Page": "",
              "InstrumentDate": "20240530",
              "RecordingDate": "20240604"
            },
            "TxDefInfo": {
              "TransactionType": "21",
              "TransferInfoPurchaseTypeCode": "",
              "ForclosureAuctionSale": "",
              "TransferInfoDistressCircumstanceCode": "",
              "QuitclaimFlag": "",
              "TransferInfoMultiParcelFlag": "",
              "ArmsLengthFlag": "1",
              "PartialInterest": ""
            },
            "TxAmtInfo": {
              "TransferAmount": "0.00",
              "TransferAmountInfoAccuracy": "",
              "TransferTaxTotal": "0.00",
              "TransferTaxCounty": "0.00"
            },
            "PropertyAddress": {},
            "PrimaryGrantor": {
              "Name1Full": "Asif Jalaluddin",
              "Name1First": "Asif",
              "Name1Middle": "",
              "Name1Last": "Jalaluddin",
              "Name1Suffix": "",
              "Name1ClassType": "IND",
              "Name1LegalType": "MM",
              "Name2Full": "",
              "Name2First": "",
              "Name2Middle": "",
              "Name2Last": "",
              "Name2Suffix": "",
              "Name2ClassType": "",
              "Name2LegalType": ""
            },
            "SecondaryGrantor": {},
            "PrimaryGrantee": {
              "Name1Full": "Maria Lidia Zuniga",
              "Name1First": "Maria",
              "Name1Middle": "Lidia",
              "Name1Last": "Zuniga",
              "Name1Suffix": "",
              "Name1ClassType": "IND",
              "Name1LegalType": "HW",
              "Name2Full": "Alfredo Zuniga",
              "Name2First": "Alfredo",
              "Name2Middle": "",
              "Name2Last": "Zuniga",
              "Name2Suffix": "",
              "Name2ClassType": "IND"
            },
            "SecondaryGrantee": {},
            "TitleCompInfo": {
              "StandardizedName": "Capital Title"
            },
            "Mortgage1": {
              "DocNumberFormatted": "D224097723",
              "DocNumberLegacy": "",
              "InstrumentNumber": "D224097723",
              "Book": "",
              "Page": "",
              "RecordingDate": "20240604",
              "Type": "10",
              "Amount": "155000",
              "LenderCode": "",
              "LenderFullName": "TEXASBANK",
              "LenderFirstName": "",
              "LenderLastName": "",
              "LenderAddress": "",
              "LenderCity": "",
              "LenderState": "",
              "LenderZip": "",
              "LenderType": "B",
              "IsLenderSeller": "",
              "Term": "",
              "TermType": "",
              "TermDate": "20540601",
              "PrepaymentPenaltyFlag": "",
              "PrepaymentTerm": "",
              "InterestRateType": "",
              "InterestRate": "0.0000",
              "InterestTypeInitial": "",
              "FixedStepConvRate": "",
              "AdjustableRateRiderFlag": "",
              "InterestTypeChangeDate": "",
              "MinInterestRateFirstChange": "",
              "MaxInterestRateFirstChange": "",
              "InterestChangeFreq": "",
              "InterestMargin": "",
              "InterestIndex": "",
              "InterestRateMax": "",
              "AdjustableRateIndex": "",
              "InterestOnlyFlag": "",
              "InterestOnlyPeriod": ""
            },
            "Mortgage2": {},
            "Valuation": {}
          },
          {
            "DocInfo": {
              "TypeCode": "DTVL",
              "NumberFormatted": "",
              "NumberLegacy": "",
              "InstrumentNumber": "D217086170",
              "Book": "",
              "Page": "",
              "InstrumentDate": "20170418",
              "RecordingDate": "20170419"
            },
            "TxDefInfo": {
              "TransactionType": "21",
              "TransferInfoPurchaseTypeCode": "",
              "ForclosureAuctionSale": "",
              "TransferInfoDistressCircumstanceCode": "",
              "QuitclaimFlag": "",
              "TransferInfoMultiParcelFlag": "",
              "ArmsLengthFlag": "1",
              "PartialInterest": ""
            },
            "TxAmtInfo": {
              "TransferAmount": "0.00",
              "TransferAmountInfoAccuracy": "",
              "TransferTaxTotal": "0.00",
              "TransferTaxCounty": "0.00"
            },
            "PropertyAddress": {},
            "PrimaryGrantor": {
              "Name1Full": "Rattie Pearl Boyd",
              "Name1First": "Rattie",
              "Name1Middle": "Pearl",
              "Name1Last": "Boyd",
              "Name1Suffix": "",
              "Name1ClassType": "IND",
              "Name1LegalType": "SW",
              "Name2Full": "",
              "Name2First": "",
              "Name2Middle": "",
              "Name2Last": "",
              "Name2Suffix": "",
              "Name2ClassType": "",
              "Name2LegalType": ""
            },
            "SecondaryGrantor": {},
            "PrimaryGrantee": {
              "Name1Full": "Lawrence Harwell III",
              "Name1First": "Lawrence",
              "Name1Middle": "",
              "Name1Last": "Harwell",
              "Name1Suffix": "III",
              "Name1ClassType": "IND",
              "Name1LegalType": "MM",
              "Name2Full": "",
              "Name2First": "",
              "Name2Middle": "",
              "Name2Last": "",
              "Name2Suffix": "",
              "Name2ClassType": ""
            },
            "SecondaryGrantee": {},
            "TitleCompInfo": {
              "StandardizedName": "WFG National Title Co."
            },
            "Mortgage1": {
              "DocNumberFormatted": "D217086171",
              "DocNumberLegacy": "",
              "InstrumentNumber": "D217086171",
              "Book": "",
              "Page": "",
              "RecordingDate": "20170419",
              "Type": "16",
              "Amount": "131560",
              "LenderCode": "",
              "LenderFullName": "GUARANTEED RATE INC",
              "LenderFirstName": "",
              "LenderLastName": "",
              "LenderAddress": "",
              "LenderCity": "",
              "LenderState": "",
              "LenderZip": "",
              "LenderType": "E",
              "IsLenderSeller": "",
              "Term": "",
              "TermType": "",
              "TermDate": "20470501",
              "PrepaymentPenaltyFlag": "",
              "PrepaymentTerm": "",
              "InterestRateType": "",
              "InterestRate": "0.0000",
              "InterestTypeInitial": "",
              "FixedStepConvRate": "",
              "AdjustableRateRiderFlag": "",
              "InterestTypeChangeDate": "",
              "MinInterestRateFirstChange": "0.00",
              "MaxInterestRateFirstChange": "0.00",
              "InterestChangeFreq": "",
              "InterestMargin": "0",
              "InterestIndex": "",
              "InterestRateMax": "0.0000",
              "AdjustableRateIndex": "",
              "InterestOnlyFlag": "",
              "InterestOnlyPeriod": ""
            },
            "Mortgage2": {},
            "Valuation": {}
          },
          {
            "DocInfo": {
              "TypeCode": "DTIT",
              "NumberFormatted": "",
              "NumberLegacy": "",
              "InstrumentNumber": "D203462736",
              "Book": "",
              "Page": "",
              "InstrumentDate": "20030802",
              "RecordingDate": "20031217"
            },
            "TxDefInfo": {
              "TransactionType": "109",
              "TransferInfoPurchaseTypeCode": "",
              "ForclosureAuctionSale": "",
              "TransferInfoDistressCircumstanceCode": "",
              "QuitclaimFlag": "",
              "TransferInfoMultiParcelFlag": "",
              "ArmsLengthFlag": "2",
              "PartialInterest": ""
            },
            "TxAmtInfo": {
              "TransferAmount": "0.00",
              "TransferAmountInfoAccuracy": "",
              "TransferTaxTotal": "0.00",
              "TransferTaxCounty": "0.00"
            },
            "PropertyAddress": {},
            "PrimaryGrantor": {
              "Name1Full": "F Allen Boyd",
              "Name1First": "F",
              "Name1Middle": "Allen",
              "Name1Last": "Boyd",
              "Name1Suffix": "",
              "Name1ClassType": "IND",
              "Name1LegalType": "SP",
              "Name2Full": "Hattie Pearl Boyd",
              "Name2First": "Hattie",
              "Name2Middle": "Pearl",
              "Name2Last": "Boyd",
              "Name2Suffix": "",
              "Name2ClassType": "IND",
              "Name2LegalType": "SP"
            },
            "SecondaryGrantor": {},
            "PrimaryGrantee": {
              "Name1Full": "Hattie Pearl Boyd",
              "Name1First": "Hattie",
              "Name1Middle": "Pearl",
              "Name1Last": "Boyd",
              "Name1Suffix": "",
              "Name1ClassType": "IND",
              "Name1LegalType": "SP",
              "Name2Full": "",
              "Name2First": "",
              "Name2Middle": "",
              "Name2Last": "",
              "Name2Suffix": "",
              "Name2ClassType": ""
            },
            "SecondaryGrantee": {},
            "TitleCompInfo": {
              "StandardizedName": "Alamo Title Co."
            },
            "Mortgage1": {
              "DocNumberFormatted": "D203462738",
              "DocNumberLegacy": "",
              "InstrumentNumber": "D203462738",
              "Book": "",
              "Page": "",
              "RecordingDate": "20031217",
              "Type": "6",
              "Amount": "49068",
              "LenderCode": "",
              "LenderFullName": "CENTEX HOME EQUITY COMPANY LLC",
              "LenderFirstName": "",
              "LenderLastName": "",
              "LenderAddress": "",
              "LenderCity": "",
              "LenderState": "",
              "LenderZip": "",
              "LenderType": "E",
              "IsLenderSeller": "",
              "Term": "",
              "TermType": "",
              "TermDate": "20331115",
              "PrepaymentPenaltyFlag": "",
              "PrepaymentTerm": "",
              "InterestRateType": "1",
              "InterestRate": "9.9900",
              "InterestTypeInitial": "",
              "FixedStepConvRate": "",
              "AdjustableRateRiderFlag": "1",
              "InterestTypeChangeDate": "",
              "MinInterestRateFirstChange": "",
              "MaxInterestRateFirstChange": "",
              "InterestChangeFreq": "108",
              "InterestMargin": "",
              "InterestIndex": "",
              "InterestRateMax": "",
              "AdjustableRateIndex": "110",
              "InterestOnlyFlag": "",
              "InterestOnlyPeriod": ""
            },
            "Mortgage2": {},
            "Valuation": {}
          }
        ]
      }
    }
  },
  "normalized": {
    "ownership": {
      "lastSoldPrice": null,
      "lastSoldDate": "2024-06-04",
      "purchaseMethod": null,
      "ownerOccupied": true,
      "mortgageAmount": 155000,
      "mortgageType": "Conventional",
      "lender": "TEXASBANK",
      "mortgageOriginationDate": "2054-06-01"
    },
    "structure": {
      "beds": 3,
      "baths": 2,
      "sqft": 1610,
      "year_built": 1971
    },
    "classification": {
      "propertyTypeRaw": null,
      "classification": null,
      "unitCount": null
    },
    "meta": {
      "sources": {
        "ownership_mortgage": "Melissa (LookupProperty + LookupDeeds)",
        "bedrooms": "Melissa Public Record",
        "bathrooms": "Melissa Public Record",
        "livingArea": "Melissa Public Record",
        "yearBuilt": "Melissa Public Record",
        "lotSize": "Melissa Public Record"
      },
      "as_of": {
        "ownership_mortgage": "2025-08-16"
      }
    }
  },
  "meta": {
    "address_input": "3420 Anmar Ct, Forest Hill, TX 76140",
    "generated_at": "2025-08-16T04:47:11.597638Z"
  }
}