{
  "merged_raw": {
    "melissa": {
      "LookupProperty": {
        "Version": "9.4.2.1086",
        "TransmissionResults": "",
        "TotalRecords": 1,
        "Records": [
          {
            "Results": "YS02,YS07,YC01,GS05",
            "Parcel": {
              "FIPSCode": "48157",
              "County": "Fort Bend",
              "UnformattedAPN": "2320-02-001-0210-907",
              "FormattedAPN": "2320020010210907",
              "AlternateAPN": "",
              "APNYearChange": "",
              "PreviousAPN": "",
              "AccountNumber": "R145063",
              "YearAdded": "",
              "MapBook": "",
              "MapPage": "",
              "TaxJurisdiction": "CITY OF SUGAR LAND",
              "CBSAName": "Houston-The Woodlands-Sugar Land, TX Metro Area",
              "CBSACode": "26420",
              "MSAName": "Houston-The Woodlands-Sugar Land, TX",
              "MSACode": "26420",
              "MetropolitanDivision": "",
              "MinorCivilDivisionCode": "93780",
              "NeighborhoodCode": "2650",
              "CensusTract": "673904",
              "CensusBlockGrp": "1",
              "CensusBlock": "1011"
            },
            "Legal": {
              "LegalDescription": "CITY/MUNI/TWP:CITY OF SUGAR LAND CLAYTON'S BEND SEC 2, BLOCK 1, LOT 21, R/P MAP REF:MAP: Z-083",
              "Range": "",
              "Township": "",
              "Section": "",
              "Quarter": "",
              "QuarterQuarter": "",
              "Subdivision": "CLAYTON'S BEND SEC 2",
              "Phase": "",
              "TractNumber": "",
              "Block1": "1",
              "Block2": "",
              "LotNumber1": "21",
              "LotNumber2": "",
              "LotNumber3": "",
              "Unit": ""
            },
            "PropertyAddress": {
              "Address": "710 Winston Ln",
              "City": "Sugar Land",
              "State": "TX",
              "Zip": "77479-5835",
              "CarrierRoute": "R033",
              "AddressKey": "77479583510",
              "MAK": "4099500225",
              "BaseMAK": "",
              "Latitude": "29.597689",
              "Longitude": "-95.679200",
              "PrivacyInfo": ""
            },
            "ParsedPropertyAddress": {
              "Range": "710",
              "PreDirectional": "",
              "StreetName": "Winston",
              "Suffix": "Ln",
              "PostDirectional": "",
              "SuiteName": "",
              "SuiteRange": ""
            },
            "PrimaryOwner": {
              "Name1Full": "Rogelio Ramirez Sr",
              "Name1First": "Rogelio",
              "Name1Middle": "",
              "Name1Last": "Ramirez",
              "Name1Suffix": "Sr.",
              "TrustFlag": "",
              "CompanyFlag": "",
              "Name2Full": "Kimberly Ramirez",
              "Name2First": "Kimberly",
              "Name2Middle": "",
              "Name2Last": "Ramirez",
              "Name2Suffix": "",
              "Type": "",
              "VestingType": "",
              "MelissaIdentityKey1": "10900382587",
              "MelissaIdentityKey2": "10451103351"
            },
            "SecondaryOwner": {
              "Name3Full": "",
              "Name3First": "",
              "Name3Middle": "",
              "Name3Last": "",
              "Name3Suffix": "",
              "Name4Full": "",
              "Name4First": "",
              "Name4Middle": "",
              "Name4Last": "",
              "Name4Suffix": "",
              "Type": ""
            },
            "OwnerAddress": {
              "Address": "710 Winston Ln",
              "City": "Sugar Land",
              "State": "TX",
              "Zip": "77479-5835",
              "CarrierRoute": "R033",
              "MAK": "4099500225",
              "BaseMAK": "",
              "FormatInfo": "S",
              "PrivacyInfo": "",
              "OwnerOccupied": "1"
            },
            "LastDeedOwnerInfo": {
              "Name1Full": "Rogelio Ramirez Sr.",
              "Name1First": "Rogelio",
              "Name1Middle": "",
              "Name1Last": "Ramirez",
              "Name1Suffix": "Sr.",
              "Name2Full": "Kimberly Ramirez",
              "Name2First": "Kimberly",
              "Name2Middle": "",
              "Name2Last": "Ramirez",
              "Name2Suffix": "",
              "Name3Full": "",
              "Name3First": "",
              "Name3Middle": "",
              "Name3Last": "",
              "Name3Suffix": "",
              "Name4Full": "",
              "Name4First": "",
              "Name4Middle": "",
              "Name4Last": "",
              "Name4Suffix": ""
            },
            "CurrentDeed": {
              "MortgageAmount": "0",
              "MortgageDate": "20221222",
              "MortgageLoanTypeCode": "",
              "MortgageTermCode": "",
              "MortgageTerm": "",
              "MortgageDueDate": "",
              "LenderCode": "",
              "LenderName": "",
              "SecondMortgageAmount": "0",
              "SecondMortgageLoanTypeCode": ""
            },
            "Tax": {
              "YearAssessed": "2024",
              "AssessedValueTotal": "539059",
              "AssessedValueImprovements": "457094",
              "AssessedValueLand": "81965",
              "AssessedImprovementsPerc": "84.00",
              "PreviousAssessedValue": "",
              "MarketValueYear": "2024",
              "MarketValueTotal": "539059",
              "MarketValueImprovements": "457094",
              "MarketValueLand": "81965",
              "MarketImprovementsPerc": "84.00",
              "TaxFiscalYear": "2023",
              "TaxRateArea": "S07 G01 D01 C21",
              "TaxBilledAmount": "8835.54",
              "TaxDelinquentYear": "",
              "LastTaxRollUpdate": "20240901",
              "AssrLastUpdated": "20240901",
              "TaxExemptionHomeowner": "",
              "TaxExemptionDisabled": "",
              "TaxExemptionSenior": "",
              "TaxExemptionVeteran": "",
              "TaxExemptionWidow": "",
              "TaxExemptionAdditional": "1"
            },
            "PropertyUseInfo": {
              "YearBuilt": "1993",
              "YearBuiltEffective": "",
              "ZonedCodeLocal": "",
              "PropertyUseMuni": "A1",
              "PropertyUseGroup": "Residential",
              "PropertyUseStandardized": "385"
            },
            "SaleInfo": {
              "AssessorLastSaleDate": "20221221",
              "AssessorLastSaleAmount": "0",
              "AssessorPriorSaleDate": "19990325",
              "AssessorPriorSaleAmount": "0",
              "LastOwnershipTransferDate": "20221222",
              "LastOwnershipTransferDocumentNumber": "2022153005",
              "LastOwnershipTransferTxID": "",
              "DeedLastSaleDocumentBook": "",
              "DeedLastSaleDocumentPage": "",
              "DeedLastDocumentNumber": "2022153005",
              "DeedLastSaleDate": "20221222",
              "DeedLastSalePrice": "0",
              "DeedLastSaleTxID": ""
            },
            "PropertySize": {
              "AreaBuilding": "3530",
              "AreaBuildingDefinitionCode": "",
              "AreaGross": "",
              "Area1stFloor": "0",
              "Area2ndFloor": "1171",
              "AreaUpperFloors": "0",
              "AreaLotAcres": "0.2120",
              "AreaLotSF": "9232.00",
              "LotDepth": "120.0",
              "LotWidth": "74.3",
              "AtticArea": "0",
              "AtticFlag": "",
              "BasementArea": "0",
              "BasementAreaFinished": "0",
              "BasementAreaUnfinished": "0",
              "ParkingGarage": "12",
              "ParkingGarageArea": "462",
              "ParkingCarport": "",
              "ParkingCarportArea": "0"
            },
            "Pool": {
              "Pool": "",
              "PoolArea": "0",
              "SaunaFlag": ""
            },
            "IntStructInfo": {
              "Foundation": "100",
              "Construction": "",
              "InteriorStructure": "",
              "PlumbingFixturesCount": "0",
              "ConstructionFireResistanceClass": "",
              "SafetyFireSprinklersFlag": "",
              "FlooringMaterialPrimary": ""
            },
            "IntRoomInfo": {
              "BathCount": "3",
              "BathPartialCount": "0",
              "BedroomsCount": "5",
              "RoomsCount": "0",
              "StoriesCount": "2",
              "UnitsCount": "0",
              "BonusRoomFlag": "",
              "BreakfastNookFlag": "",
              "CellarFlag": "",
              "CellarWineFlag": "",
              "ExcerciseFlag": "",
              "FamilyCode": "",
              "GameFlag": "",
              "GreatFlag": "",
              "HobbyFlag": "",
              "LaundryFlag": "",
              "MediaFlag": "",
              "MudFlag": "",
              "OfficeArea": "0",
              "OfficeFlag": "",
              "SafeRoomFlag": "",
              "SittingFlag": "",
              "StormShelter": "",
              "StudyFlag": "",
              "SunroomFlag": "",
              "UtilityArea": "0",
              "UtilityCode": ""
            },
            "IntAmenities": {
              "Fireplace": "1",
              "FireplaceCount": "0",
              "AccessabilityElevatorFlag": "",
              "AccessabilityHandicapFlag": "",
              "EscalatorFlag": "",
              "CentralVacuumFlag": "",
              "IntercomFlag": "",
              "SoundSystemFlag": "",
              "WetBarFlag": "",
              "SecurityAlarmFlag": ""
            },
            "ExtStructInfo": {
              "StructureStyle": "1",
              "Exterior1Code": "12C",
              "RoofMaterial": "105",
              "RoofConstruction": "258",
              "StormShutterFlag": "",
              "OverheadDoorFlag": ""
            },
            "ExtAmenities": {
              "ViewDescription": "",
              "PorchCode": "P00",
              "PorchArea": "76",
              "PatioArea": "0",
              "DeckFlag": "",
              "DeckArea": "0",
              "FeatureBalconyFlag": "",
              "BalconyArea": "0",
              "BreezewayFlag": ""
            },
            "ExtBuildings": {
              "BuildingsCount": "0",
              "BathHouseArea": "0",
              "BathHouseFlag": "",
              "BoatAccessFlag": "",
              "BoatHouseArea": "0",
              "BoatHouseFlag": "",
              "CabinArea": "0",
              "CabinFlag": "",
              "CanopyArea": "0",
              "CanopyFlag": "",
              "GazeboArea": "0",
              "GazeboFlag": "",
              "GranaryArea": "0",
              "GranaryFlag": "",
              "GreenHouseArea": "0",
              "GreenHouseFlag": "",
              "GuestHouseArea": "0",
              "GuestHouseFlag": "",
              "KennelArea": "0",
              "KennelFlag": "",
              "LeanToArea": "0",
              "LeanToFlag": "",
              "LoadingPlatformArea": "0",
              "LoadingPlatformFlag": "",
              "MilkHouseArea": "0",
              "MilkHouseFlag": "",
              "OutdoorKitchenFireplaceFlag": "",
              "PoolHouseArea": "0",
              "PoolHouseFlag": "",
              "PoultryHouseArea": "0",
              "PoultryHouseFlag": "",
              "QuonsetArea": "0",
              "QuonsetFlag": "",
              "ShedArea": "0",
              "ShedCode": "",
              "SiloArea": "0",
              "SiloFlag": "",
              "StableArea": "0",
              "StableFlag": "",
              "StorageBuildingArea": "0",
              "StorageBuildingFlag": "",
              "UtilityBuildingArea": "0",
              "UtilityBuildingFlag": "",
              "PoleStructureArea": "0",
              "PoleStructureFlag": ""
            },
            "Utilities": {
              "HVACCoolingDetail": "",
              "HVACHeatingDetail": "108",
              "HVACHeatingFuel": "",
              "SewageUsage": "",
              "WaterSource": "",
              "MobileHomeHookupFlag": ""
            },
            "Parking": {
              "RVParkingFlag": "",
              "ParkingSpaceCount": "2",
              "DrivewayArea": "0",
              "DrivewayMaterial": ""
            },
            "YardGardenInfo": {
              "TopographyCode": "",
              "FenceCode": "",
              "FenceArea": "0",
              "CourtyardFlag": "",
              "CourtyardArea": "0",
              "ArborPergolaFlag": "",
              "SprinklersFlag": "",
              "GolfCourseGreenFlag": "",
              "TennisCourtFlag": "",
              "SportsCourtFlag": "",
              "ArenaFlag": "",
              "WaterFeatureFlag": "",
              "PondFlag": "",
              "BoatLiftFlag": ""
            },
            "EstimatedValue": {
              "EstimatedValue": "563000",
              "EstimatedMinValue": "484180",
              "EstimatedMaxValue": "641820",
              "ConfidenceScore": "86",
              "ValuationDate": "20250718"
            },
            "Shape": {
              "WellKnownText": "POLYGON ((-95.679010824999978 29.597764452000035, -95.679401255999949 29.597815226000023, -95.679433806999953 29.597604830000023, -95.679043434999983 29.597571629000072, -95.679038694999974 29.597603599000024, -95.679034597999987 29.597631222000075, -95.679030179999984 29.597658807000073, -95.679025488999969 29.597686366000062, -95.679020516999969 29.597713869000074, -95.679010824999978 29.597764452000035))"
            },
            "AssociatedParcels": []
          }
        ]
      },
      "LookupDeeds": {
        "Version": "9.4.2.1086",
        "Results": "YS01",
        "TotalRecords": 4,
        "Records": [
          {
            "DocInfo": {
              "TypeCode": "DTWD",
              "NumberFormatted": "",
              "NumberLegacy": "",
              "InstrumentNumber": "2022153005",
              "Book": "",
              "Page": "",
              "InstrumentDate": "20221221",
              "RecordingDate": "20221222"
            },
            "TxDefInfo": {
              "TransactionType": "21",
              "TransferInfoPurchaseTypeCode": "",
              "ForclosureAuctionSale": "",
              "TransferInfoDistressCircumstanceCode": "",
              "QuitclaimFlag": "",
              "TransferInfoMultiParcelFlag": "",
              "ArmsLengthFlag": "1",
              "PartialInterest": ""
            },
            "TxAmtInfo": {
              "TransferAmount": "0.00",
              "TransferAmountInfoAccuracy": "",
              "TransferTaxTotal": "0.00",
              "TransferTaxCounty": "0.00"
            },
            "PropertyAddress": {},
            "PrimaryGrantor": {
              "Name1Full": "Mohammad A Jamal",
              "Name1First": "Mohammad",
              "Name1Middle": "A",
              "Name1Last": "Jamal",
              "Name1Suffix": "",
              "Name1ClassType": "IND",
              "Name1LegalType": "HW",
              "Name2Full": "Farida M Jamal",
              "Name2First": "Farida",
              "Name2Middle": "M",
              "Name2Last": "Jamal",
              "Name2Suffix": "",
              "Name2ClassType": "IND",
              "Name2LegalType": "HW"
            },
            "SecondaryGrantor": {},
            "PrimaryGrantee": {
              "Name1Full": "Rogelio Ramirez Sr.",
              "Name1First": "Rogelio",
              "Name1Middle": "",
              "Name1Last": "Ramirez",
              "Name1Suffix": "Sr.",
              "Name1ClassType": "IND",
              "Name1LegalType": "DI",
              "Name2Full": "Kimberly Ramirez",
              "Name2First": "Kimberly",
              "Name2Middle": "",
              "Name2Last": "Ramirez",
              "Name2Suffix": "",
              "Name2ClassType": "IND"
            },
            "SecondaryGrantee": {},
            "TitleCompInfo": {
              "StandardizedName": "Texas American Title Co."
            },
            "Mortgage1": {
              "DocNumberFormatted": "",
              "DocNumberLegacy": "",
              "InstrumentNumber": "",
              "Book": "",
              "Page": "",
              "RecordingDate": "20221222",
              "Type": "",
              "Amount": "0",
              "LenderCode": "",
              "LenderFullName": "",
              "LenderFirstName": "",
              "LenderLastName": "",
              "LenderAddress": "",
              "LenderCity": "",
              "LenderState": "",
              "LenderZip": "",
              "LenderType": "",
              "IsLenderSeller": "",
              "Term": "",
              "TermType": "",
              "TermDate": "",
              "PrepaymentPenaltyFlag": "",
              "PrepaymentTerm": "",
              "InterestRateType": "",
              "InterestRate": "0.0000",
              "InterestTypeInitial": "",
              "FixedStepConvRate": "",
              "AdjustableRateRiderFlag": "",
              "InterestTypeChangeDate": "",
              "MinInterestRateFirstChange": "",
              "MaxInterestRateFirstChange": "",
              "InterestChangeFreq": "",
              "InterestMargin": "",
              "InterestIndex": "",
              "InterestRateMax": "",
              "AdjustableRateIndex": "",
              "InterestOnlyFlag": "",
              "InterestOnlyPeriod": ""
            },
            "Mortgage2": {},
            "Valuation": {}
          },
          {
            "DocInfo": {
              "TypeCode": "DTVL",
              "NumberFormatted": "",
              "NumberLegacy": "",
              "InstrumentNumber": "FBC1999052492",
              "Book": "",
              "Page": "",
              "InstrumentDate": "19990325",
              "RecordingDate": "19990621"
            },
            "TxDefInfo": {
              "TransactionType": "21",
              "TransferInfoPurchaseTypeCode": "",
              "ForclosureAuctionSale": "",
              "TransferInfoDistressCircumstanceCode": "",
              "QuitclaimFlag": "",
              "TransferInfoMultiParcelFlag": "",
              "ArmsLengthFlag": "1",
              "PartialInterest": ""
            },
            "TxAmtInfo": {
              "TransferAmount": "0.00",
              "TransferAmountInfoAccuracy": "",
              "TransferTaxTotal": "0.00",
              "TransferTaxCounty": "0.00"
            },
            "PropertyAddress": {},
            "PrimaryGrantor": {
              "Name1Full": "Edward D Nusinow",
              "Name1First": "Edward",
              "Name1Middle": "D",
              "Name1Last": "Nusinow",
              "Name1Suffix": "",
              "Name1ClassType": "IND",
              "Name1LegalType": "HW",
              "Name2Full": "Elisa G Nusinow",
              "Name2First": "Elisa",
              "Name2Middle": "G",
              "Name2Last": "Nusinow",
              "Name2Suffix": "",
              "Name2ClassType": "",
              "Name2LegalType": ""
            },
            "SecondaryGrantor": {},
            "PrimaryGrantee": {
              "Name1Full": "Mohammad A Jamal",
              "Name1First": "Mohammad",
              "Name1Middle": "A",
              "Name1Last": "Jamal",
              "Name1Suffix": "",
              "Name1ClassType": "IND",
              "Name1LegalType": "HW",
              "Name2Full": "Farida M Jamal",
              "Name2First": "Farida",
              "Name2Middle": "M",
              "Name2Last": "Jamal",
              "Name2Suffix": "",
              "Name2ClassType": "IND"
            },
            "SecondaryGrantee": {},
            "TitleCompInfo": {
              "StandardizedName": "Alamo Title Co."
            },
            "Mortgage1": {
              "DocNumberFormatted": "FBC1999052493",
              "DocNumberLegacy": "",
              "InstrumentNumber": "FBC1999052493",
              "Book": "",
              "Page": "",
              "RecordingDate": "19990621",
              "Type": "",
              "Amount": "170000",
              "LenderCode": "",
              "LenderFullName": "DBA NATIONSBANK NA",
              "LenderFirstName": "",
              "LenderLastName": "",
              "LenderAddress": "",
              "LenderCity": "",
              "LenderState": "",
              "LenderZip": "",
              "LenderType": "B",
              "IsLenderSeller": "",
              "Term": "",
              "TermType": "",
              "TermDate": "20290701",
              "PrepaymentPenaltyFlag": "",
              "PrepaymentTerm": "",
              "InterestRateType": "1",
              "InterestRate": "6.1200",
              "InterestTypeInitial": "",
              "FixedStepConvRate": "",
              "AdjustableRateRiderFlag": "1",
              "InterestTypeChangeDate": "",
              "MinInterestRateFirstChange": "",
              "MaxInterestRateFirstChange": "",
              "InterestChangeFreq": "104",
              "InterestMargin": "3",
              "InterestIndex": "",
              "InterestRateMax": "",
              "AdjustableRateIndex": "115",
              "InterestOnlyFlag": "",
              "InterestOnlyPeriod": ""
            },
            "Mortgage2": {},
            "Valuation": {}
          },
          {
            "DocInfo": {
              "TypeCode": "DTVL",
              "NumberFormatted": "",
              "NumberLegacy": "",
              "InstrumentNumber": "FBC9816334",
              "Book": "",
              "Page": "",
              "InstrumentDate": "19980305",
              "RecordingDate": "19980309"
            },
            "TxDefInfo": {
              "TransactionType": "21",
              "TransferInfoPurchaseTypeCode": "",
              "ForclosureAuctionSale": "",
              "TransferInfoDistressCircumstanceCode": "",
              "QuitclaimFlag": "",
              "TransferInfoMultiParcelFlag": "",
              "ArmsLengthFlag": "1",
              "PartialInterest": ""
            },
            "TxAmtInfo": {
              "TransferAmount": "0.00",
              "TransferAmountInfoAccuracy": "",
              "TransferTaxTotal": "0.00",
              "TransferTaxCounty": "0.00"
            },
            "PropertyAddress": {},
            "PrimaryGrantor": {
              "Name1Full": "Athanassios P Kyritsis",
              "Name1First": "Athanassios",
              "Name1Middle": "P",
              "Name1Last": "Kyritsis",
              "Name1Suffix": "",
              "Name1ClassType": "",
              "Name1LegalType": "",
              "Name2Full": "",
              "Name2First": "",
              "Name2Middle": "",
              "Name2Last": "",
              "Name2Suffix": "",
              "Name2ClassType": "",
              "Name2LegalType": ""
            },
            "SecondaryGrantor": {},
            "PrimaryGrantee": {
              "Name1Full": "Edward D Nusinow",
              "Name1First": "Edward",
              "Name1Middle": "D",
              "Name1Last": "Nusinow",
              "Name1Suffix": "",
              "Name1ClassType": "IND",
              "Name1LegalType": "HW",
              "Name2Full": "Elisa G Nusinow",
              "Name2First": "Elisa",
              "Name2Middle": "G",
              "Name2Last": "Nusinow",
              "Name2Suffix": "",
              "Name2ClassType": ""
            },
            "SecondaryGrantee": {},
            "TitleCompInfo": {
              "StandardizedName": "Commonwealth Land Title"
            },
            "Mortgage1": {
              "DocNumberFormatted": "",
              "DocNumberLegacy": "",
              "InstrumentNumber": "",
              "Book": "",
              "Page": "",
              "RecordingDate": "19980309",
              "Type": "",
              "Amount": "177600",
              "LenderCode": "",
              "LenderFullName": "FIRST UNION MTG CORP",
              "LenderFirstName": "",
              "LenderLastName": "",
              "LenderAddress": "",
              "LenderCity": "",
              "LenderState": "",
              "LenderZip": "",
              "LenderType": "M",
              "IsLenderSeller": "",
              "Term": "",
              "TermType": "",
              "TermDate": "20280401",
              "PrepaymentPenaltyFlag": "",
              "PrepaymentTerm": "",
              "InterestRateType": "2",
              "InterestRate": "6.2500",
              "InterestTypeInitial": "",
              "FixedStepConvRate": "",
              "AdjustableRateRiderFlag": "",
              "InterestTypeChangeDate": "",
              "MinInterestRateFirstChange": "",
              "MaxInterestRateFirstChange": "",
              "InterestChangeFreq": "",
              "InterestMargin": "",
              "InterestIndex": "",
              "InterestRateMax": "",
              "AdjustableRateIndex": "",
              "InterestOnlyFlag": "",
              "InterestOnlyPeriod": ""
            },
            "Mortgage2": {},
            "Valuation": {}
          },
          {
            "DocInfo": {
              "TypeCode": "DTWD",
              "NumberFormatted": "",
              "NumberLegacy": "",
              "InstrumentNumber": "FBC9670241",
              "Book": "",
              "Page": "",
              "InstrumentDate": "19961024",
              "RecordingDate": "19961028"
            },
            "TxDefInfo": {
              "TransactionType": "109",
              "TransferInfoPurchaseTypeCode": "",
              "ForclosureAuctionSale": "",
              "TransferInfoDistressCircumstanceCode": "",
              "QuitclaimFlag": "",
              "TransferInfoMultiParcelFlag": "",
              "ArmsLengthFlag": "2",
              "PartialInterest": ""
            },
            "TxAmtInfo": {
              "TransferAmount": "0.00",
              "TransferAmountInfoAccuracy": "",
              "TransferTaxTotal": "0.00",
              "TransferTaxCounty": "0.00"
            },
            "PropertyAddress": {},
            "PrimaryGrantor": {
              "Name1Full": "Angeliki A Kyritsis",
              "Name1First": "Angeliki",
              "Name1Middle": "A",
              "Name1Last": "Kyritsis",
              "Name1Suffix": "",
              "Name1ClassType": "",
              "Name1LegalType": "",
              "Name2Full": "",
              "Name2First": "",
              "Name2Middle": "",
              "Name2Last": "",
              "Name2Suffix": "",
              "Name2ClassType": "",
              "Name2LegalType": ""
            },
            "SecondaryGrantor": {},
            "PrimaryGrantee": {
              "Name1Full": "Athanassios P Kyritsis",
              "Name1First": "Athanassios",
              "Name1Middle": "P",
              "Name1Last": "Kyritsis",
              "Name1Suffix": "",
              "Name1ClassType": "",
              "Name1LegalType": "",
              "Name2Full": "",
              "Name2First": "",
              "Name2Middle": "",
              "Name2Last": "",
              "Name2Suffix": "",
              "Name2ClassType": ""
            },
            "SecondaryGrantee": {},
            "TitleCompInfo": {
              "StandardizedName": ""
            },
            "Mortgage1": {
              "DocNumberFormatted": "",
              "DocNumberLegacy": "",
              "InstrumentNumber": "",
              "Book": "",
              "Page": "",
              "RecordingDate": "19961028",
              "Type": "",
              "Amount": "0",
              "LenderCode": "",
              "LenderFullName": "",
              "LenderFirstName": "",
              "LenderLastName": "",
              "LenderAddress": "",
              "LenderCity": "",
              "LenderState": "",
              "LenderZip": "",
              "LenderType": "",
              "IsLenderSeller": "",
              "Term": "",
              "TermType": "",
              "TermDate": "",
              "PrepaymentPenaltyFlag": "",
              "PrepaymentTerm": "",
              "InterestRateType": "",
              "InterestRate": "0.0000",
              "InterestTypeInitial": "",
              "FixedStepConvRate": "",
              "AdjustableRateRiderFlag": "",
              "InterestTypeChangeDate": "",
              "MinInterestRateFirstChange": "",
              "MaxInterestRateFirstChange": "",
              "InterestChangeFreq": "",
              "InterestMargin": "",
              "InterestIndex": "",
              "InterestRateMax": "",
              "AdjustableRateIndex": "",
              "InterestOnlyFlag": "",
              "InterestOnlyPeriod": ""
            },
            "Mortgage2": {},
            "Valuation": {}
          }
        ]
      }
    }
  },
  "normalized": {
    "ownership": {
      "lastSoldPrice": null,
      "lastSoldDate": "2022-12-22",
      "purchaseMethod": null,
      "ownerOccupied": true,
      "mortgageAmount": 177600,
      "mortgageType": null,
      "lender": "FIRST UNION MTG CORP",
      "mortgageOriginationDate": "2022-12-22"
    },
    "structure": {
      "beds": 5,
      "baths": 3,
      "sqft": 3530,
      "year_built": 1993
    },
    "classification": {
      "propertyTypeRaw": null,
      "classification": null,
      "unitCount": null
    },
    "meta": {
      "sources": {
        "ownership_mortgage": "Melissa (LookupProperty + LookupDeeds)",
        "bedrooms": "Melissa Public Record",
        "bathrooms": "Melissa Public Record",
        "livingArea": "Melissa Public Record",
        "yearBuilt": "Melissa Public Record",
        "lotSize": "Melissa Public Record"
      },
      "as_of": {
        "ownership_mortgage": "2025-08-16"
      }
    }
  },
  "meta": {
    "address_input": "710 Winston Ln, Sugar Land, TX 77479",
    "generated_at": "2025-08-16T04:45:23.059659Z"
  }
}